Job,Skill
Frontend,React VR
Frontend,Website
Frontend,Trello
Frontend,Jenkins
Frontend,HTTP
Frontend,Django
Frontend,Android
Frontend,Zendesk
Frontend,MQTT
Frontend,Odoo Development
Frontend,WordPress Plugin
Frontend,Docker
Frontend,Web Application Framework
Frontend,Unbounce
Frontend,React Native
Frontend,Landing Page
Frontend,UX & UI
Frontend,JSON
Frontend,Unit Testing
Frontend,Streaming Software
Frontend,Plugin Development
Frontend,Server
Frontend,Responsive Design
Frontend,Amazon Web Services
Frontend,React
Frontend,Google Cloud Platform
Frontend,Apache Cordova
Frontend,API Integration
Frontend,ERP Software
Frontend,AJAX
Frontend,WordPress
Frontend,"Blockchain, NFT & Cryptocurrency"
Frontend,Internet of Things
Frontend,Database
Frontend,Electronic Data Interchange
Frontend,HTML
Frontend,Golang
Frontend,Linux
Frontend,Dart
Frontend,RxJS
Frontend,Microsoft SharePoint Development
Frontend,Python Script
Frontend,Microsoft SharePoint Administration
Frontend,Mobile App
Frontend,Spring Boot
Frontend,SQLite Programming
Frontend,WebRTC
Frontend,Back-End Development
Frontend,Angular 10
Frontend,PHP Script
Frontend,Figma
Frontend,API
Frontend,PostgreSQL
Frontend,DevOps
Frontend,Spring Framework
Frontend,Business with 10-99 Employees
Frontend,Odoo
Frontend,Adobe Experience Manager
Frontend,Graphic Design
Frontend,C++
Frontend,Git
Frontend,Database Design
Frontend,Database Maintenance
Frontend,AWS Amplify
Frontend,Cache Management
Frontend,NoSQL Database
Frontend,Web Service
Frontend,Ruby
Frontend,Apache Solr
Frontend,Google Analytics
Frontend,Java
Frontend,SQL
Frontend,.NET Framework
Frontend,Redux
Frontend,Apache Tomcat
Frontend,MVC Framework
Frontend,AngularJS
Frontend,Applicant Tracking Systems
Frontend,Vue.js
Frontend,Testing
Frontend,PHP
Frontend,WooCommerce
Frontend,Unity
Frontend,CentOS
Frontend,jQuery
Frontend,Sass
Frontend,RESTful API
Frontend,MongoDB
Frontend,OAuth
Frontend,Software Debugging
Frontend,Business with 1-9 Employees
Frontend,AWS Cloud9
Frontend,OpenSIPS
Frontend,Web Design
Frontend,Jest
Frontend,Kubernetes
Frontend,ABAP
Frontend,Blockchain Architecture
Frontend,GraphQL
Frontend,MySQL
Frontend,Amazon EC2
Frontend,Requirements Specification
Frontend,Websockets
Frontend,CSS
Frontend,Apache Maven
Frontend,JavaScript
Frontend,Apache Kafka
Frontend,Page Speed Optimization
Frontend,C#
Frontend,CI/CD
Frontend,Docker Swarm Mode
Frontend,HTML5
Frontend,Xero
Frontend,ECMAScript
Frontend,CSV
Frontend,Front-End Development
Frontend,WordPress Theme
Frontend,Laravel
Frontend,GUI Design
Frontend,Python
Frontend,GitHub
Frontend,Website Security
Frontend,Microsoft Excel
Frontend,Microservice
Frontend,Bootstrap
Frontend,Node.js
Frontend,Custom PHP
Frontend,Heroku
Frontend,FTP
Frontend,TypeScript
Frontend,Quickbooks
Frontend,Next.js
Frontend,Blockchain
Frontend,Computer Science
Frontend,Software Architecture & Design
Frontend,Accounting
Frontend,Symfony
Frontend,CSS 3
Frontend,iOS
Frontend,AWS Lambda
Frontend,Animation
Frontend,Liquid
Frontend,Web Application
Frontend,Web Development
Frontend,Ruby on Rails
Frontend,SAP BASIS
UI/UX,Website
UI/UX,Human-Centered Design
UI/UX,Microsoft PowerApps
UI/UX,PSD
UI/UX,Augmented Reality
UI/UX,User Profile Creation
UI/UX,Sales Copywriting
UI/UX,Mobile App Design
UI/UX,Android
UI/UX,Campaign Optimization
UI/UX,Proofreading Feedback
UI/UX,WordPress Plugin
UI/UX,Adobe Illustrator
UI/UX,React Native
UI/UX,Landing Page
UI/UX,UX & UI
UI/UX,Azure Bot Service
UI/UX,InVision
UI/UX,Apple Xcode
UI/UX,User-Centered Design
UI/UX,Responsive Design
UI/UX,React
UI/UX,Virtual Reality
UI/UX,Adobe XD
UI/UX,Personal Computer
UI/UX,English to Spanish Translation
UI/UX,API Integration
UI/UX,Microsoft Dynamics 365
UI/UX,Firebase
UI/UX,Logo Design
UI/UX,Tech & IT
UI/UX,Entity Framework
UI/UX,Oracle Primavera
UI/UX,WordPress
UI/UX,Sketch
UI/UX,User Interface Design
UI/UX,Beauty & Personal Care
UI/UX,Microsoft Sharepoint
UI/UX,HTML
UI/UX,Microsoft SQL Server Service Broker
UI/UX,Microsoft SharePoint Development
UI/UX,UX Research
UI/UX,Kotlin
UI/UX,watchOS
UI/UX,Explainer Video
UI/UX,Gaming Console
UI/UX,Usability Testing
UI/UX,Mobile App
UI/UX,BigCommerce
UI/UX,Angular 6
UI/UX,Smartwatch
UI/UX,tvOS
UI/UX,English
UI/UX,Website Redesign
UI/UX,Back-End Development
UI/UX,Bluetooth
UI/UX,Figma
UI/UX,API
UI/UX,Software Design
UI/UX,Ecommerce Website
UI/UX,PostgreSQL
UI/UX,Magento 2
UI/UX,Microsoft Power Automate
UI/UX,ASP.NET Web API
UI/UX,Location-Based Service
UI/UX,jQuery Mobile
UI/UX,Mockup
UI/UX,Website Customization
UI/UX,Business with 10-99 Employees
UI/UX,Rapid Prototyping
UI/UX,In-App Purchases
UI/UX,Icon Design
UI/UX,Graphic Design
UI/UX,SaaS
UI/UX,Squarespace
UI/UX,C++
UI/UX,Conversion Rate Optimization
UI/UX,Landing Page Design
UI/UX,Creative Writing
UI/UX,Social Media Management
UI/UX,Ruby
UI/UX,Azure DevOps
UI/UX,Demo Video
UI/UX,Google Analytics
UI/UX,Java
UI/UX,Content Management
UI/UX,Swift
UI/UX,styled-components
UI/UX,Mobile App Redesign
UI/UX,Content Analysis
UI/UX,Translation
UI/UX,Windows App Development
UI/UX,Objective-C
UI/UX,UI/UX Prototyping
UI/UX,Twitter Bootstrap
UI/UX,Android App
UI/UX,Design Enhancement
UI/UX,SQL
UI/UX,Microsoft Windows
UI/UX,Website Content
UI/UX,React Bootstrap
UI/UX,.NET Framework
UI/UX,Ecommerce
UI/UX,iOS Development
UI/UX,Android App Development
UI/UX,.NET Core
UI/UX,Across Language Server
UI/UX,COVID-19
UI/UX,MVC Framework
UI/UX,iPadOS
UI/UX,Navigation System Design
UI/UX,Adobe Photoshop
UI/UX,Test Automation
UI/UX,Push Notifications
UI/UX,Stripe
UI/UX,Vue.js
UI/UX,Wireframing
UI/UX,Hybrid App Development
UI/UX,Interaction Design
UI/UX,Fashion & Beauty
UI/UX,PHP
UI/UX,WooCommerce
UI/UX,phpMyAdmin
UI/UX,Pixel Art
UI/UX,Unity
UI/UX,jQuery
UI/UX,Tablet
UI/UX,Social Media Content Creation
UI/UX,RESTful API
UI/UX,Writing
UI/UX,Button Design
UI/UX,Marketing Strategy
UI/UX,Business with 1-9 Employees
UI/UX,Video Animation
UI/UX,Fluent
UI/UX,Flutter
UI/UX,Art & Design
UI/UX,Intranet Implementation
UI/UX,Web Design
UI/UX,Style Guide
UI/UX,Android SDK
UI/UX,Prototyping
UI/UX,Game Design
UI/UX,Webflow
UI/UX,In-App Advertising
UI/UX,Visual Communication
UI/UX,Adobe After Effects
UI/UX,Mobile App Development Consultation
UI/UX,TikTok
UI/UX,Cross Browser & Device Compatibility
UI/UX,Magento
UI/UX,SEO Audit
UI/UX,MySQL
UI/UX,Angular Material
UI/UX,Social Media Marketing Strategy
UI/UX,User Authentication
UI/UX,Shopify
UI/UX,CSS
UI/UX,Project Analysis
UI/UX,Payment Functionality
UI/UX,JavaScript
UI/UX,Map Integration
UI/UX,Mobile App Development
UI/UX,ASP.NET
UI/UX,Page Speed Optimization
UI/UX,UI Graphics
UI/UX,C#
UI/UX,Website Audit
UI/UX,Ecommerce Functionality
UI/UX,Product Design
UI/UX,ASP.NET Core
UI/UX,Website Asset
UI/UX,Journey Mapping
UI/UX,HTML5
UI/UX,Front-End Development
UI/UX,Website Copywriting
UI/UX,Android Studio
UI/UX,Laravel
UI/UX,User Experience Design
UI/UX,GUI Design
UI/UX,Native App Development
UI/UX,Bubble.io
UI/UX,Camera
UI/UX,Chat & Messaging Software
UI/UX,Chatbot
UI/UX,iOS SDK
UI/UX,Proofreading
UI/UX,High Fidelity Design
UI/UX,Bootstrap
UI/UX,Node.js
UI/UX,TV
UI/UX,MERN Stack
UI/UX,Custom PHP
UI/UX,Database Administration
UI/UX,Copywriting
UI/UX,Smartphone
UI/UX,TypeScript
UI/UX,Product Management
UI/UX,Mobile UI Design
UI/UX,In-App Search
UI/UX,Product Roadmap
UI/UX,Mobile App Bug Fix
UI/UX,CSS 3
UI/UX,Business with 100-999 Employees
UI/UX,iOS
UI/UX,Animation
UI/UX,UX Writing
UI/UX,MySQL Programming
UI/UX,SEO Performance
UI/UX,Wix
UI/UX,ASP.NET MVC
UI/UX,UX/UI Design Deliverables
UI/UX,User Flow
UI/UX,Web Application
UI/UX,Copy Editing
UI/UX,Web Development
UI/UX,Ruby on Rails
UI/UX,SEO
UI/UX,Health & Fitness
UI/UX,Custom Web Design
UI/UX,Advanced Analytics
UI/UX,Review or Feedback Collection
UI/UX,Social Media Account Integration
UI/UX,Content Rewriting
Full-stack developer,Ethereum
Full-stack developer,Microsoft PowerApps
Full-stack developer,HTTP
Full-stack developer,Asterisk
Full-stack developer,Django
Full-stack developer,VoIP Administration
Full-stack developer,Android
Full-stack developer,Linux System Administration
Full-stack developer,Smart Contract
Full-stack developer,Docker
Full-stack developer,React Native
Full-stack developer,cURL
Full-stack developer,UX & UI
Full-stack developer,Real Estate IDX
Full-stack developer,Azure Bot Service
Full-stack developer,Server
Full-stack developer,Apple Xcode
Full-stack developer,Amazon Web Services
Full-stack developer,Database Development
Full-stack developer,React
Full-stack developer,API Integration
Full-stack developer,Microsoft Dynamics 365
Full-stack developer,Firebase
Full-stack developer,Entity Framework
Full-stack developer,WordPress
Full-stack developer,HTML
Full-stack developer,Linux
Full-stack developer,Microsoft SharePoint Development
Full-stack developer,Shopify Apps
Full-stack developer,Microsoft Power BI
Full-stack developer,Python Script
Full-stack developer,Kotlin
Full-stack developer,VoIP
Full-stack developer,iPad App Development
Full-stack developer,Mobile App
Full-stack developer,Payment Gateway Integration
Full-stack developer,Angular 6
Full-stack developer,English
Full-stack developer,Progressive Web App
Full-stack developer,Castilian Spanish
Full-stack developer,Back-End Development
Full-stack developer,Website Redesign
Full-stack developer,Video Editing & Production
Full-stack developer,PHP Script
Full-stack developer,Amazon Cognito
Full-stack developer,API
Full-stack developer,Algorithm
Full-stack developer,PostgreSQL
Full-stack developer,Microsoft Power Automate
Full-stack developer,DevOps
Full-stack developer,Solidity
Full-stack developer,ASP.NET Web API
Full-stack developer,System Deployment
Full-stack developer,360-Degree Video
Full-stack developer,Zoho Creator
Full-stack developer,Business with 10-99 Employees
Full-stack developer,FreePBX
Full-stack developer,VoIP Software
Full-stack developer,Graphic Design
Full-stack developer,C++
Full-stack developer,Git
Full-stack developer,Database Design
Full-stack developer,Angular
Full-stack developer,ERPNext
Full-stack developer,Forex Trading
Full-stack developer,Ruby
Full-stack developer,Azure DevOps
Full-stack developer,Java
Full-stack developer,NGINX
Full-stack developer,Swift
Full-stack developer,Windows App Development
Full-stack developer,Drupal
Full-stack developer,Twitter Bootstrap
Full-stack developer,MetaTrader 4
Full-stack developer,Android App
Full-stack developer,SQL
Full-stack developer,Microsoft Windows
Full-stack developer,.NET Framework
Full-stack developer,Apache Tomcat
Full-stack developer,Android App Development
Full-stack developer,Google Chrome Extension
Full-stack developer,Cryptocurrency
Full-stack developer,.NET Core
Full-stack developer,iOS Development
Full-stack developer,MVC Framework
Full-stack developer,AngularJS
Full-stack developer,Adobe Photoshop
Full-stack developer,Test Automation
Full-stack developer,Software Development
Full-stack developer,Vue.js
Full-stack developer,Data Entry
Full-stack developer,Wireframing
Full-stack developer,Hybrid App Development
Full-stack developer,PHP
Full-stack developer,phpMyAdmin
Full-stack developer,Session Initiation Protocol
Full-stack developer,SQLite
Full-stack developer,Flask
Full-stack developer,jQuery
Full-stack developer,RESTful API
Full-stack developer,MongoDB
Full-stack developer,Writing
Full-stack developer,Video Editing Software
Full-stack developer,Business with 1-9 Employees
Full-stack developer,AWS Cloud9
Full-stack developer,Flutter
Full-stack developer,Web Design
Full-stack developer,GoDaddy
Full-stack developer,Ubuntu
Full-stack developer,Pimcore
Full-stack developer,MediaWiki
Full-stack developer,Blockchain Architecture
Full-stack developer,Google Blogger
Full-stack developer,Bot Development
Full-stack developer,Agile Software Development
Full-stack developer,GraphQL
Full-stack developer,Database Architecture
Full-stack developer,MySQL
Full-stack developer,Amazon EC2
Full-stack developer,Angular Material
Full-stack developer,Elixir
Full-stack developer,User Authentication
Full-stack developer,Shopify
Full-stack developer,CSS
Full-stack developer,Project Analysis
Full-stack developer,JavaScript
Full-stack developer,Mobile App Development
Full-stack developer,C#
Full-stack developer,Enterprise Software Development
Full-stack developer,ASP.NET Core
Full-stack developer,HTML5
Full-stack developer,FFmpeg
Full-stack developer,web3.js
Full-stack developer,Microsoft SQL Server
Full-stack developer,Front-End Development
Full-stack developer,Laravel
Full-stack developer,Native App Development
Full-stack developer,Python
Full-stack developer,Bubble.io
Full-stack developer,Chat & Messaging Software
Full-stack developer,Chatbot
Full-stack developer,Microsoft SQL Server Administration
Full-stack developer,Website Security
Full-stack developer,Chrome OS
Full-stack developer,Bootstrap
Full-stack developer,Node.js
Full-stack developer,Customer Relationship Management
Full-stack developer,Web Scraping
Full-stack developer,Custom PHP
Full-stack developer,Heroku
Full-stack developer,SendGrid
Full-stack developer,Database Administration
Full-stack developer,Content Writing
Full-stack developer,TypeScript
Full-stack developer,Smartphone
Full-stack developer,Blockchain
Full-stack developer,Next.js
Full-stack developer,Software Architecture & Design
Full-stack developer,Web3
Full-stack developer,Stripe API
Full-stack developer,CSS 3
Full-stack developer,iOS
Full-stack developer,MySQL Programming
Full-stack developer,Liquid
Full-stack developer,Web Application
Full-stack developer,ASP.NET MVC
Full-stack developer,Web Development
Full-stack developer,Ruby on Rails
Full-stack developer,Image Processing
Full-stack developer,SEO
Full-stack developer,Apache HTTP Server
Full-stack developer,Redis
Full-stack developer,Social Media Account Integration
Data analyst,Audience Segmentation & Targeting
Data analyst,AWS CloudFormation
Data analyst,Internet Security
Data analyst,Qualitative Research
Data analyst,Campaign Optimization
Data analyst,Sustainability
Data analyst,Financial Modeling
Data analyst,Real Estate Appraisal
Data analyst,Tableau
Data analyst,Information Security
Data analyst,Agile Project Management
Data analyst,List-Based Infographics
Data analyst,Data Analysis
Data analyst,Google Cloud Platform
Data analyst,Analytics
Data analyst,Economics
Data analyst,Microsoft Dynamics 365
Data analyst,Tech & IT
Data analyst,Market Segmentation Research
Data analyst,Financial Accounting
Data analyst,Target Market Research
Data analyst,B2B Marketing
Data analyst,Microsoft Sharepoint
Data analyst,HTML
Data analyst,Microsoft Power BI Data Visualization
Data analyst,Heap
Data analyst,Marketing Analytics
Data analyst,Tax Preparation
Data analyst,Microsoft Power BI
Data analyst,Lead Generation Content Creation
Data analyst,HubSpot
Data analyst,Researcher
Data analyst,Accounting Principles & Practices
Data analyst,Business Analysis
Data analyst,Visual Basic for Applications
Data analyst,Security Operation Center
Data analyst,English
Data analyst,BigQuery
Data analyst,Communication Skills
Data analyst,Data Modeling
Data analyst,Airtable
Data analyst,Sales
Data analyst,German
Data analyst,Data Extraction
Data analyst,Vulnerability Assessment
Data analyst,API
Data analyst,Trading Strategy
Data analyst,Product Requirements Document
Data analyst,R
Data analyst,GIS
Data analyst,Prospect Research
Data analyst,Network Security
Data analyst,ArcGIS
Data analyst,Market Research
Data analyst,Market Analysis
Data analyst,Project Management
Data analyst,Business with 10-99 Employees
Data analyst,Data Cleansing
Data analyst,Chinese
Data analyst,Real Estate
Data analyst,Organizational Design & Effectiveness
Data analyst,Predictive Analytics
Data analyst,Amazon API Gateway
Data analyst,Amazon Seller Central
Data analyst,Technical Report
Data analyst,ETL Pipeline
Data analyst,Wrike
Data analyst,Google Analytics
Data analyst,Topic Research
Data analyst,Data Visualization
Data analyst,Financial Planning
Data analyst,Spreadsheet Software
Data analyst,Scheduling
Data analyst,System Administration
Data analyst,Prospect List
Data analyst,Administrative Support
Data analyst,SQL
Data analyst,Statistics
Data analyst,List Building
Data analyst,Lead Generation Analysis
Data analyst,Twitter API
Data analyst,Data Processing
Data analyst,Network Administration
Data analyst,Business Intelligence
Data analyst,Ecommerce
Data analyst,Chinese to English Translation
Data analyst,Encryption
Data analyst,Data Integration
Data analyst,Information Security Awareness
Data analyst,Presentations
Data analyst,Lead Generation
Data analyst,Stripe
Data analyst,Data Entry
Data analyst,Automation
Data analyst,Amazon Redshift
Data analyst,Sales Analytics
Data analyst,Query Development
Data analyst,Pro Forma Statement
Data analyst,Writing
Data analyst,Online Research
Data analyst,Data Collection
Data analyst,MongoDB
Data analyst,Econometrics
Data analyst,Marketing Strategy
Data analyst,Business Modeling
Data analyst,Financial Projection
Data analyst,Financial Report
Data analyst,Communications
Data analyst,End User Technical Support
Data analyst,IT Compliance Audit
Data analyst,Company Valuation
Data analyst,Data Science
Data analyst,Google Data Studio
Data analyst,Product Analytics
Data analyst,Advertising Research
Data analyst,PCI DSS
Data analyst,Oracle Performance Tuning
Data analyst,Real Estate Acquisition
Data analyst,Transportation
Data analyst,Email Marketing
Data analyst,Amplitude
Data analyst,Financial Analysis
Data analyst,Report
Data analyst,Cloud Security Framework
Data analyst,Company Research
Data analyst,Snowflake
Data analyst,Google Ads
Data analyst,Report Writing
Data analyst,Oracle
Data analyst,Amazon FBA
Data analyst,Jira
Data analyst,Application Security
Data analyst,Brand Research
Data analyst,Google Sheets
Data analyst,Solution Architecture Consultation
Data analyst,Business Valuation
Data analyst,Data Mining
Data analyst,Cybersecurity Management
Data analyst,Finance & Accounting
Data analyst,Google Tag Manager
Data analyst,Operations Analytics
Data analyst,Data Analytics
Data analyst,Statistical Analysis
Data analyst,Economic Analysis
Data analyst,Inventory Report
Data analyst,Data Visualization Framework
Data analyst,Valuation
Data analyst,Python
Data analyst,Dashboard
Data analyst,GitHub
Data analyst,Facebook
Data analyst,Microsoft Excel
Data analyst,Data Scraping
Data analyst,Outbound Sales
Data analyst,Requirement Analysis
Data analyst,Security Engineering
Data analyst,Content Writing
Data analyst,Consumer Review
Data analyst,Quality Assurance
Data analyst,SQL Programming
Data analyst,Competitive Analysis
Data analyst,Project Workflows
Data analyst,Quantitative Research
Data analyst,Security Infrastructure
Data analyst,Accounting
Data analyst,Accounting Basics
Data analyst,Research Methods
Data analyst,Technical Project Management
Data analyst,Product Lifecycle Management Software
Data analyst,Growth Analytics
Data analyst,File Management
Data analyst,NVivo
Data analyst,Critical Thinking Skills
Data analyst,Web Development
Data analyst,Microsoft Azure
Data analyst,Social Media Advertising Analytics
Data analyst,Risk Assessment
Data analyst,R Shiny
Data Scientist,AWS CloudFormation
Data Scientist,Epidemiology
Data Scientist,Training Materials
Data Scientist,Documentation
Data Scientist,Data Engineering
Data Scientist,Docker
Data Scientist,Tableau
Data Scientist,Data Science Consultation
Data Scientist,Unit Testing
Data Scientist,TensorFlow
Data Scientist,Amazon Web Services
Data Scientist,Database Development
Data Scientist,React
Data Scientist,Data Analysis
Data Scientist,Google Cloud Platform
Data Scientist,Analytics
Data Scientist,NumPy
Data Scientist,Internet of Things
Data Scientist,Database
Data Scientist,Healthcare IT
Data Scientist,Academic Research
Data Scientist,Medical Informatics
Data Scientist,Marketing Analytics
Data Scientist,pandas
Data Scientist,Klipfolio
Data Scientist,Cloud Computing
Data Scientist,Researcher
Data Scientist,Genetic Algorithm
Data Scientist,Natural Language Processing
Data Scientist,English
Data Scientist,BigQuery
Data Scientist,Data Modeling
Data Scientist,Algorithm Development
Data Scientist,Torch
Data Scientist,Python Scikit-Learn
Data Scientist,Public Health
Data Scientist,Data Extraction
Data Scientist,Data Analysis Consultation
Data Scientist,API
Data Scientist,PostgreSQL
Data Scientist,R
Data Scientist,DevOps
Data Scientist,Tesseract
Data Scientist,Neo4j
Data Scientist,Market Research
Data Scientist,Predictive Analytics
Data Scientist,Git
Data Scientist,Database Design
Data Scientist,Database Maintenance
Data Scientist,Graph Database
Data Scientist,Terraform
Data Scientist,Ruby
Data Scientist,Azure DevOps
Data Scientist,ETL Pipeline
Data Scientist,Stata
Data Scientist,Artificial Intelligence
Data Scientist,Google Analytics
Data Scientist,Data Visualization
Data Scientist,Java
Data Scientist,Translation
Data Scientist,Healthcare
Data Scientist,Digital Signal Processing
Data Scientist,PySpark
Data Scientist,Machine Learning Model
Data Scientist,AWS Greengrass ML
Data Scientist,SQL
Data Scientist,Virtual Assistant
Data Scientist,Statistics
Data Scientist,Computer Vision
Data Scientist,Business Intelligence
Data Scientist,Ecommerce
Data Scientist,Google Search
Data Scientist,PyTorch
Data Scientist,Lead Generation
Data Scientist,Data Entry
Data Scientist,Linear Regression
Data Scientist,PHP
Data Scientist,AI
Data Scientist,Technical Writing
Data Scientist,Research & Strategy
Data Scientist,Writing
Data Scientist,Software Debugging
Data Scientist,Econometrics
Data Scientist,Marketing Strategy
Data Scientist,Procedure
Data Scientist,Data Science
Data Scientist,Product Analytics
Data Scientist,Network Analysis
Data Scientist,Social Science
Data Scientist,Software Developer
Data Scientist,Phonetics
Data Scientist,Knowledge Representation
Data Scientist,Biostatistics
Data Scientist,Agile Software Development
Data Scientist,GraphQL
Data Scientist,Neural Network
Data Scientist,Database Architecture
Data Scientist,Snowflake
Data Scientist,Report Writing
Data Scientist,Behavioral Design
Data Scientist,JavaScript
Data Scientist,MATLAB
Data Scientist,Apache Kafka
Data Scientist,Apache Spark MLlib
Data Scientist,Statistical Computing
Data Scientist,CogCompNLP
Data Scientist,Logistic Regression
Data Scientist,Google Sheets
Data Scientist,Big Data
Data Scientist,Data Mining
Data Scientist,Elasticsearch
Data Scientist,Artificial Neural Network
Data Scientist,Teaching
Data Scientist,Data Analytics
Data Scientist,Bioinformatics
Data Scientist,Feature Extraction
Data Scientist,Financial Trading
Data Scientist,Python
Data Scientist,GitHub
Data Scientist,Microsoft Excel
Data Scientist,Academic Writing
Data Scientist,Data Scraping
Data Scientist,Serverless Computing
Data Scientist,deeplearn.js
Data Scientist,Model Optimization
Data Scientist,Database Administration
Data Scientist,Content Writing
Data Scientist,Copywriting
Data Scientist,Product Management
Data Scientist,SQL Programming
Data Scientist,Sentiment Analysis
Data Scientist,Computer Science
Data Scientist,Subject-Matter Expertise
Data Scientist,Product Roadmap
Data Scientist,Machine Learning
Data Scientist,Jupyter
Data Scientist,AWS Lambda
Data Scientist,Medical Imaging
Data Scientist,Social Impact Assessment
Data Scientist,Apache Spark
Data Scientist,Recommendation System
Data Scientist,Web Development
Data Scientist,Psychology
Data Scientist,Deep Learning
Data Scientist,R Shiny
DevOps,AWS CloudFormation
DevOps,Leadership Skills
DevOps,Jenkins
DevOps,Intuit QuickBooks
DevOps,Test Automation Framework
DevOps,Microsoft Dynamics CRM
DevOps,RabbitMQ
DevOps,Microsoft Windows Powershell
DevOps,Relational Database
DevOps,Linux System Administration
DevOps,Docker
DevOps,Automation Software Release
DevOps,UX & UI
DevOps,Azure Bot Service
DevOps,Unit Testing
DevOps,Raspberry Pi
DevOps,Hibernate
DevOps,Microsoft Power BI Development
DevOps,Salesforce CPQ
DevOps,Amazon Web Services
DevOps,Azure App Service
DevOps,ARM
DevOps,React
DevOps,Google APIs
DevOps,ExpressJS
DevOps,Google Cloud Platform
DevOps,Twilio API
DevOps,API Integration
DevOps,Microsoft Dynamics 365
DevOps,Digital Transformation
DevOps,Salesforce CRM
DevOps,WordPress
DevOps,Financial Accounting
DevOps,Zoho CRM
DevOps,NodeJS Framework
DevOps,Firewall
DevOps,Microsoft Sharepoint
DevOps,HTML
DevOps,Golang
DevOps,Marketing Automation
DevOps,API Development
DevOps,Linux
DevOps,Implementation
DevOps,Tax Preparation
DevOps,Python Script
DevOps,Kotlin
DevOps,HubSpot
DevOps,Cloud Computing
DevOps,Ansible
DevOps,SAP ERP
DevOps,New Relic
DevOps,Scala
DevOps,SonarQube
DevOps,Spring Boot
DevOps,Amazon S3
DevOps,ELK Stack
DevOps,Amazon DynamoDB
DevOps,JetBrains TeamCity
DevOps,JUnit
DevOps,API
DevOps,Activity Diagram
DevOps,AWS Fargate
DevOps,PostgreSQL
DevOps,ASP.NET Web API
DevOps,DevOps
DevOps,Network Security
DevOps,Spring Framework
DevOps,OpenVPN
DevOps,App Development
DevOps,Project Management
DevOps,Business with 10-99 Employees
DevOps,Amazon API Gateway
DevOps,Single Sign-On
DevOps,Git
DevOps,Database Design
DevOps,Infrastructure Management
DevOps,Automated Monitoring
DevOps,Terraform
DevOps,AWS Amplify
DevOps,Web Service
DevOps,Azure DevOps
DevOps,Java
DevOps,3D Modeling
DevOps,Rust
DevOps,NGINX
DevOps,HAProxy
DevOps,Apex
DevOps,Salesforce Sales Cloud
DevOps,Deployment Automation
DevOps,System Administration
DevOps,Bitbucket
DevOps,SQL
DevOps,Administrative Support
DevOps,Autodesk AutoCAD
DevOps,.NET Framework
DevOps,GitLab
DevOps,VPN
DevOps,Network Administration
DevOps,Amazon Relational Database Service
DevOps,Apache Tomcat
DevOps,.NET Core
DevOps,AngularJS
DevOps,YAML
DevOps,Solution Architecture
DevOps,Test Automation
DevOps,Selenium
DevOps,Vue.js
DevOps,Amazon ECS
DevOps,Automation
DevOps,Bookkeeping
DevOps,Unix
DevOps,OpenShift
DevOps,LinkedIn
DevOps,Amazon Redshift
DevOps,Vagrant
DevOps,PHP
DevOps,SQLite
DevOps,3D Rendering
DevOps,Flask
DevOps,Salesforce App Development
DevOps,RESTful API
DevOps,MongoDB
DevOps,Product Knowledge
DevOps,Software Debugging
DevOps,Business with 1-9 Employees
DevOps,Ubuntu
DevOps,LAMP Stack
DevOps,AWS CloudFront
DevOps,Selenium WebDriver
DevOps,Chocolatey
DevOps,CI/CD Platform
DevOps,Kubernetes
DevOps,Website Optimization
DevOps,SAP BusinessOne
DevOps,SignalR
DevOps,WebAPITesting
DevOps,Dev & IT Project Management
DevOps,GraphQL
DevOps,Magento
DevOps,Database Architecture
DevOps,MySQL
DevOps,Configuration Management
DevOps,Containerization
DevOps,Amazon EC2
DevOps,Grafana
DevOps,Dropbox
DevOps,OKTA
DevOps,SAP
DevOps,Apache Maven
DevOps,CSS
DevOps,JavaScript
DevOps,Oracle
DevOps,Bash
DevOps,Web Proxy
DevOps,C#
DevOps,API Testing
DevOps,ASP.NET Core
DevOps,CI/CD
DevOps,Docker Swarm Mode
DevOps,Core Java
DevOps,Solution Architecture Consultation
DevOps,HTML5
DevOps,Salesforce Marketing Cloud
DevOps,System Automation
DevOps,Microsoft SQL Server
DevOps,Management Skills
DevOps,AWS CodeDeploy
DevOps,LinkedIn Sales Navigator
DevOps,Laravel
DevOps,Automated Testing
DevOps,Python
DevOps,GitHub
DevOps,Chatbot
DevOps,Microsoft Teams
DevOps,CRM Software
DevOps,Salesforce Service Cloud
DevOps,Microservice
DevOps,Software Testing
DevOps,Customer Relationship Management
DevOps,Node.js
DevOps,Serverless Computing
DevOps,Architectural Design
DevOps,Salesforce Lightning
DevOps,Automated Deployment Pipeline
DevOps,Load Balancing
DevOps,TypeScript
DevOps,Next.js
DevOps,Software Architecture & Design
DevOps,Computer Science
DevOps,Chart of Accounts
DevOps,Salesforce
DevOps,Accounting
DevOps,WSO2
DevOps,Machine Learning
DevOps,Apache Airflow
DevOps,CSS 3
DevOps,AWS Lambda
DevOps,AWS Application
DevOps,Databricks
DevOps,Web Application
DevOps,Web Development
DevOps,Office 365
DevOps,3D Design
DevOps,Microsoft Azure
DevOps,Infrastructure as Code
Software engineer,CAD
Software engineer,Website
Software engineer,AWS CloudFormation
Software engineer,2D Design
Software engineer,Leadership Skills
Software engineer,Jenkins
Software engineer,PCB Design
Software engineer,Test Automation Framework
Software engineer,Augmented Reality
Software engineer,User Profile Creation
Software engineer,Technical Support
Software engineer,Embedded C
Software engineer,Django
Software engineer,Microsoft Hyper-V Server
Software engineer,Android
Software engineer,Quality Control
Software engineer,Patent
Software engineer,Electrical Drawing
Software engineer,Desktop Application
Software engineer,Linux System Administration
Software engineer,Plumbing
Software engineer,Adobe Illustrator
Software engineer,Patent Law
Software engineer,Docker
Software engineer,Automation Software Release
Software engineer,React Native
Software engineer,Landing Page
Software engineer,Implementation Plan
Software engineer,Manual Testing
Software engineer,Recruiting
Software engineer,Responsive Design
Software engineer,Amazon Web Services
Software engineer,ExpressJS
Software engineer,AWS IoT Core
Software engineer,React
Software engineer,ARM
Software engineer,Virtual Reality
Software engineer,Personal Computer
Software engineer,Google Cloud Platform
Software engineer,Construction Monitoring
Software engineer,API Integration
Software engineer,Data Analysis
Software engineer,Firebase
Software engineer,VICIDIAL
Software engineer,Tech & IT
Software engineer,Software Quality Assurance
Software engineer,AJAX
Software engineer,WordPress
Software engineer,Residential Design
Software engineer,Lua
Software engineer,Database
Software engineer,NodeJS Framework
Software engineer,Test Case Design
Software engineer,HTML
Software engineer,Adobe InDesign
Software engineer,Linux
Software engineer,Computer Engineering
Software engineer,Business Logic Layer
Software engineer,Python Script
Software engineer,PNG
Software engineer,Microsoft Active Directory
Software engineer,watchOS
Software engineer,VoIP
Software engineer,Audio Editing
Software engineer,Digital Electronics
Software engineer,Researcher
Software engineer,Gaming Console
Software engineer,Router
Software engineer,Firebase Cloud Firestore
Software engineer,Mobile App
Software engineer,Building Regulation Preparation
Software engineer,Scala
Software engineer,Smartwatch
Software engineer,tvOS
Software engineer,Angular 6
Software engineer,Server Virtualization
Software engineer,Network Design
Software engineer,Back-End Development
Software engineer,Data Modeling
Software engineer,Angular 10
Software engineer,Bluetooth
Software engineer,Qt
Software engineer,Bug Reports
Software engineer,SolidWorks
Software engineer,Vulnerability Assessment
Software engineer,Figma
Software engineer,Telerik
Software engineer,API
Software engineer,Microcontroller Programming
Software engineer,PostgreSQL
Software engineer,Electrical Engineering
Software engineer,DevOps
Software engineer,Network Security
Software engineer,QA Engineering
Software engineer,Location-Based Service
Software engineer,jQuery Mobile
Software engineer,Troubleshooting
Software engineer,Project Management
Software engineer,Business with 10-99 Employees
Software engineer,Odoo
Software engineer,Microsoft Visual C++
Software engineer,In-App Purchases
Software engineer,Functional Testing
Software engineer,Graphic Design
Software engineer,SaaS
Software engineer,C++
Software engineer,Git
Software engineer,Database Design
Software engineer,Education
Software engineer,Angular
Software engineer,C
Software engineer,QML
Software engineer,Terraform
Software engineer,Vector Graphic
Software engineer,Bug Tracking & Reports
Software engineer,Web Service
Software engineer,Azure DevOps
Software engineer,ETL Pipeline
Software engineer,Data Migration
Software engineer,3D Modeling
Software engineer,Java
Software engineer,Electronics
Software engineer,Postman
Software engineer,Swift
Software engineer,OpenGL
Software engineer,Objective-C
Software engineer,Deep Learning
Software engineer,System Administration
Software engineer,Android App
Software engineer,Architectural Rendering
Software engineer,Autodesk AutoCAD
Software engineer,SQL
Software engineer,Microsoft Windows
Software engineer,Task Creation
Software engineer,React Bootstrap
Software engineer,Network Engineering
Software engineer,ClickHouse
Software engineer,.NET Framework
Software engineer,Network Administration
Software engineer,Redux
Software engineer,iOS Development
Software engineer,Android App Development
Software engineer,Machinery
Software engineer,Data Integration
Software engineer,.NET Core
Software engineer,Motion Graphics
Software engineer,AngularJS
Software engineer,iPadOS
Software engineer,Adobe Photoshop
Software engineer,Selenium
Software engineer,Testing
Software engineer,Automation
Software engineer,Vue.js
Software engineer,Hybrid App Development
Software engineer,Boolean Search
Software engineer,Security Analysis
Software engineer,Construction Document Preparation
Software engineer,Embedded System
Software engineer,PHP
Software engineer,Mechanical Engineering
Software engineer,Section 508
Software engineer,Blazor
Software engineer,Unity
Software engineer,Flask
Software engineer,Sass
Software engineer,Tablet
Software engineer,Standalone Application
Software engineer,RESTful API
Software engineer,Computing & Networking
Software engineer,jQuery
Software engineer,OAuth
Software engineer,Sourcing
Software engineer,FreeBSD
Software engineer,Intellectual Property Law
Software engineer,Business with 1-9 Employees
Software engineer,3D Drawing
Software engineer,Web Design
Software engineer,Ubuntu
Software engineer,LAMP Stack
Software engineer,AWS CloudFront
Software engineer,Aerospace
Software engineer,Selenium WebDriver
Software engineer,Jest
Software engineer,Data Science
Software engineer,Android SDK
Software engineer,Web Content Accessibility Guidelines
Software engineer,Kubernetes
Software engineer,Prototyping
Software engineer,In-App Advertising
Software engineer,Adobe After Effects
Software engineer,Mobile App Development Consultation
Software engineer,Application Integration
Software engineer,Computer Hardware
Software engineer,IDE
Software engineer,VMWare
Software engineer,CAD & CAM Software
Software engineer,Application Installer
Software engineer,Dev & IT Project Management
Software engineer,Magento
Software engineer,GraphQL
Software engineer,Database Architecture
Software engineer,MySQL
Software engineer,Business with 1000+ Employees
Software engineer,Containerization
Software engineer,Amazon EC2
Software engineer,Requirements Specification
Software engineer,OKTA
Software engineer,Adobe XD
Software engineer,User Authentication
Software engineer,CSS
Software engineer,Payment Functionality
Software engineer,SAP
Software engineer,JavaScript
Software engineer,Engineering Design
Software engineer,Map Integration
Software engineer,Mobile App Development
Software engineer,Bash
Software engineer,ASP.NET
Software engineer,Electronic Design
Software engineer,C#
Software engineer,API Testing
Software engineer,Database Management
Software engineer,Jira
Software engineer,Product Design
Software engineer,Website Asset
Software engineer,CI/CD
Software engineer,Commercial Design
Software engineer,Career Coaching
Software engineer,ASP.NET Core
Software engineer,Test Plan
Software engineer,HTML5
Software engineer,OpenWrt
Software engineer,web3.js
Software engineer,Autodesk Revit
Software engineer,Microsoft SQL Server
Software engineer,Management Skills
Software engineer,Front-End Development
Software engineer,AWS CodeDeploy
Software engineer,Android Studio
Software engineer,Native App Development
Software engineer,Database Testing
Software engineer,Automated Testing
Software engineer,Laravel
Software engineer,Python
Software engineer,Camera
Software engineer,Chat & Messaging Software
Software engineer,iOS SDK
Software engineer,Product Development
Software engineer,Software Testing
Software engineer,Microservice
Software engineer,Data Scraping
Software engineer,Bootstrap
Software engineer,Node.js
Software engineer,Web Testing
Software engineer,End-to-End Testing
Software engineer,TV
Software engineer,Cluster Computing
Software engineer,MERN Stack
Software engineer,Architectural Design
Software engineer,Career Coach
Software engineer,Hardware Troubleshooting
Software engineer,Database Administration
Software engineer,TypeScript
Software engineer,Smartphone
Software engineer,Debian
Software engineer,Product Management
Software engineer,Quality Assurance
Software engineer,Industrial Architecture
Software engineer,Video Editing
Software engineer,Blockchain
Software engineer,Next.js
Software engineer,Software Architecture & Design
Software engineer,Data Access Layer
Software engineer,In-App Search
Software engineer,Computer Science
Software engineer,Penetration Testing
Software engineer,Cypress
Software engineer,Windows Server
Software engineer,Computer Systems Engineering
Software engineer,Mobile App Testing
Software engineer,Machine Learning
Software engineer,NestJS
Software engineer,Mobile App Bug Fix
Software engineer,CSS 3
Software engineer,iOS
Software engineer,Patent Preparation
Software engineer,Animation
Software engineer,AWS Lambda
Software engineer,Network Equipment
Software engineer,Web Application
Software engineer,CodeIgniter
Software engineer,Resume Writing
Software engineer,Web Development
Software engineer,TensorFlow
Software engineer,Image Processing
Software engineer,Control Systems Engineering
Software engineer,3D Design
Software engineer,OpenCV
Software engineer,Performance Testing
Software engineer,Advanced Analytics
Software engineer,Microsoft Azure
Software engineer,Review or Feedback Collection
Software engineer,Social Media Account Integration
Software engineer,Illustration
Web developer,SCSS
Web developer,Website
Web developer,AWS CloudFormation
Web developer,Email Automation
Web developer,Ethereum
Web developer,HTTP
Web developer,PSD
Web developer,Genesis Framework
Web developer,Android
Web developer,Mobile App Design
Web developer,Ada
Web developer,Linux System Administration
Web developer,Smart Contract
Web developer,Adobe Illustrator
Web developer,WordPress Plugin
Web developer,Docker
Web developer,React Native
Web developer,Accessibility
Web developer,Landing Page
Web developer,UX & UI
Web developer,Real Estate IDX
Web developer,JSON
Web developer,Azure Bot Service
Web developer,Slider Revolution
Web developer,Plugin Development
Web developer,AWS Elemental MediaLive
Web developer,Responsive Design
Web developer,Amazon Web Services
Web developer,Database Development
Web developer,React
Web developer,Logo Design
Web developer,API Integration
Web developer,Firebase
Web developer,AJAX
Web developer,WordPress
Web developer,Geocoding
Web developer,Sketch
Web developer,User Interface Design
Web developer,Zoho CRM
Web developer,Yoast SEO
Web developer,HTML
Web developer,Microsoft SQL Server Service Broker
Web developer,SEO-Based Website
Web developer,CorelDRAW
Web developer,Ionic Framework
Web developer,Python Script
Web developer,Blog
Web developer,HubSpot
Web developer,Cloud Computing
Web developer,Payment Gateway Integration
Web developer,Business Card
Web developer,Usability Testing
Web developer,PSD to WordPress
Web developer,Template Markup
Web developer,Website Redesign
Web developer,Geolocation
Web developer,PHP Script
Web developer,API
Web developer,Software Design
Web developer,Ecommerce Website
Web developer,PostgreSQL
Web developer,Magento 2
Web developer,Ecommerce Platform Development
Web developer,DevOps
Web developer,Solidity
Web developer,Joomla
Web developer,Mockup
Web developer,Website Customization
Web developer,Business with 10-99 Employees
Web developer,Amazon API Gateway
Web developer,Graphic Design
Web developer,Squarespace
Web developer,Visualization
Web developer,Git
Web developer,Database Design
Web developer,Angular
Web developer,Social Media Management
Web developer,Blog Content
Web developer,Ruby
Web developer,Azure DevOps
Web developer,Google Analytics
Web developer,Java
Web developer,Drupal
Web developer,UI/UX Prototyping
Web developer,Website Content
Web developer,Art Deco
Web developer,SQL
Web developer,Elementor
Web developer,.NET Framework
Web developer,Redux
Web developer,Ecommerce
Web developer,Amazon Relational Database Service
Web developer,Android App Development
Web developer,Across Language Server
Web developer,AngularJS
Web developer,Adobe Photoshop
Web developer,Test Automation
Web developer,Stripe
Web developer,Vue.js
Web developer,Data Entry
Web developer,Amazon ECS
Web developer,Wireframing
Web developer,Interaction Design
Web developer,PHP
Web developer,WooCommerce
Web developer,phpMyAdmin
Web developer,Modern Style
Web developer,SQLite
Web developer,Flask
Web developer,Sass
Web developer,jQuery
Web developer,Social Media Content Creation
Web developer,MongoDB
Web developer,CMS Development
Web developer,Marketing Strategy
Web developer,Business with 1-9 Employees
Web developer,AWS Cloud9
Web developer,Intranet Implementation
Web developer,Shopify Theme
Web developer,WordPress Development
Web developer,Web Design
Web developer,GoDaddy
Web developer,Social Media Content
Web developer,Web Content Accessibility Guidelines
Web developer,Prototyping
Web developer,Webflow
Web developer,Visual Communication
Web developer,Blockchain Architecture
Web developer,Hugo
Web developer,About Us Page
Web developer,GraphQL
Web developer,Database Architecture
Web developer,MySQL
Web developer,HAML
Web developer,Amazon EC2
Web developer,User Authentication
Web developer,Shopify
Web developer,CSS
Web developer,JavaScript
Web developer,Google Maps
Web developer,Page Speed Optimization
Web developer,C#
Web developer,Shopify Templates
Web developer,HTML5
Web developer,CoffeeScript
Web developer,web3.js
Web developer,Microsoft SQL Server
Web developer,AWS CodeDeploy
Web developer,Laravel
Web developer,User Experience Design
Web developer,Python
Web developer,Bubble.io
Web developer,Chatbot
Web developer,Microsoft SQL Server Administration
Web developer,Facebook
Web developer,Bootstrap
Web developer,Node.js
Web developer,Customer Relationship Management
Web developer,Custom PHP
Web developer,Database Administration
Web developer,SendGrid
Web developer,TypeScript
Web developer,Blockchain
Web developer,Software Architecture & Design
Web developer,Web Component Design
Web developer,Mission Style
Web developer,Stripe API
Web developer,CSS 3
Web developer,iOS
Web developer,AWS Application
Web developer,MySQL Programming
Web developer,Liquid
Web developer,Wix
Web developer,Web Application
Web developer,UX/UI Design Deliverables
Web developer,User Flow
Web developer,Web Development
Web developer,SEO
Web developer,OpenCart
Web developer,3D Design
